customer_id,list_product_id
1085241,[00000]
243210,[00000]
548072,[00000]
179754,[00000]
971891,[00000]
334839,[00000]
282656,[00000]
218110,[00000]
495500,[00000]
28056,[00000]
193189,[00000]
1093853,[00000]
291080,[00000]
815429,[00000]
359384,[00000]
316447,[00000]
1233410,[00000]
1237961,[00000]
1252273,[00000]
1324438,[00000]
517310,[00000]
322056,[00000]
903898,[00000]
658310,[00000]
952005,[00000]
909922,[00000]
315126,[00000]
1090041,[00000]
818678,[00000]
860049,[00000]
1005824,[00000]
1190095,[00000]
1264413,[00000]
471774,[00000]
119382,[00000]
1161421,[00000]
471896,[00000]
1013344,[00000]
1290637,[00000]
74954,[00000]
843302,[00000]
171651,[00000]
693385,[00000]
1305975,[00000]
527098,[00000]
418287,[00000]
428450,[00000]
896026,[00000]
664889,[00000]
676080,[00000]
945581,[00000]
752303,[00000]
1302980,[00000]
673788,[00000]
1310350,[00000]
482096,[00000]
870960,[00000]
1348245,[00000]
973103,[00000]
649418,[00000]
265502,[00000]
140807,[00000]
1112852,[00000]
691501,[00000]
1134417,[00000]
1111191,[00000]
208682,[00000]
826574,[00000]
609439,[00000]
457200,[00000]
361717,[00000]
506713,[00000]
412235,[00000]
1124603,[00000]
975910,[00000]
672057,[00000]
374574,[00000]
455045,[00000]
841505,[00000]
816159,[00000]
1301734,[00000]
158715,[00000]
1128703,[00000]
538185,[00000]
774447,[00000]
721190,[00000]
420996,[00000]
629966,[00000]
568596,[00000]
62794,[00000]
415673,[00000]
851337,[00000]
84954,[00000]
227833,[00000]
38384,[00000]
167452,[00000]
1193986,[00000]
1124931,[00000]
186061,[00000]
83786,[00000]
639425,[00000]
663773,[00000]
587011,[00000]
1065769,[00000]
611840,[00000]
214062,[00000]
1358361,[00000]
1168019,[00000]
1289205,[00000]
442800,[00000]
225646,[00000]
1198113,[00000]
491151,[00000]
922445,[00000]
165214,[00000]
46744,[00000]
1089310,[00000]
546392,[00000]
649725,[00000]
326635,[00000]
264174,[00000]
738429,[00000]
82261,[00000]
130226,[00000]
388658,[00000]
692027,[00000]
1306167,[00000]
620901,[00000]
281075,[00000]
887450,[00000]
248095,[00000]
1082527,[00000]
948923,[00000]
254167,[00000]
524705,[00000]
1008193,[00000]
849475,[00000]
64143,[00000]
862756,[00000]
188400,[00000]
429875,[00000]
680920,[00000]
1315479,[00000]
1068588,[00000]
324070,[00000]
803060,[00000]
620332,[00000]
843923,[00000]
295946,[00000]
630939,[00000]
6970,[00000]
831792,[00000]
6934,[00000]
225015,[00000]
1011756,[00000]
100548,[00000]
906217,[00000]
341312,[00000]
313548,[00000]
973109,[00000]
578011,[00000]
910779,[00000]
742222,[00000]
24470,[00000]
1351474,[00000]
612692,[00000]
425820,[00000]
529672,[00000]
1209122,[00000]
558162,[00000]
348748,[00000]
309960,[00000]
946783,[00000]
1225089,[00000]
248789,[00000]
282383,[00000]
1144900,[00000]
749686,[00000]
622912,[00000]
1180181,[00000]
777504,[00000]
122720,[00000]
1017437,[00000]
650308,[00000]
1025182,[00000]
1358070,[00000]
243718,[00000]
1280339,[00000]
282021,[00000]
777214,[00000]
486873,[00000]
936146,[00000]
847373,[00000]
818833,[00000]
1211330,[00000]
1158181,[00000]
308040,[00000]
1165579,[00000]
257823,[00000]
1258520,[00000]
830892,[00000]
110206,[00000]
1263535,[00000]
1179536,[00000]
555004,[00000]
218559,[00000]
309793,[00000]
116817,[00000]
516435,[00000]
509998,[00000]
412637,[00000]
832637,[00000]
75520,[00000]
797608,[00000]
706552,[00000]
723012,[00000]
1160125,[00000]
1239728,[00000]
854164,[00000]
62623,[00000]
404087,[00000]
346113,[00000]
255822,[00000]
664904,[00000]
824518,[00000]
796119,[00000]
292316,[00000]
227048,[00000]
1335975,[00000]
294992,[00000]
159324,[00000]
1212245,[00000]
80202,[00000]
38860,[00000]
1899,[00000]
378552,[00000]
751726,[00000]
28717,[00000]
1335718,[00000]
630568,[00000]
47320,[00000]
131888,[00000]
181040,[00000]
1365832,[00000]
1207153,[00000]
750050,[00000]
1001078,[00000]
649901,[00000]
251517,[00000]
927667,[00000]
309580,[00000]
28737,[00000]
503308,[00000]
164242,[00000]
684030,[00000]
31377,[00000]
183557,[00000]
1220441,[00000]
805774,[00000]
1058352,[00000]
726944,[00000]
376157,[00000]
1221984,[00000]
420875,[00000]
464017,[00000]
1314654,[00000]
1294340,[00000]
460100,[00000]
1257927,[00000]
1365567,[00000]
1021600,[00000]
345193,[00000]
15356,[00000]
289291,[00000]
452500,[00000]
1319484,[00000]
330464,[00000]
424093,[00000]
791782,[00000]
899121,[00000]
237516,[00000]
625124,[00000]
318246,[00000]
705659,[00000]
235734,[00000]
1242435,[00000]
1000750,[00000]
9499,[00000]
1306408,[00000]
737197,[00000]
108708,[00000]
967790,[00000]
342669,[00000]
317028,[00000]
122312,[00000]
547121,[00000]
507698,[00000]
761208,[00000]
949006,[00000]
451321,[00000]
115185,[00000]
934645,[00000]
581407,[00000]
402671,[00000]
699416,[00000]
924791,[00000]
828151,[00000]
1194931,[00000]
1106995,[00000]
142357,[00000]
62812,[00000]
852806,[00000]
241739,[00000]
236630,[00000]
798727,[00000]
467784,[00000]
12026,[00000]
891066,[00000]
509916,[00000]
1343938,[00000]
1304462,[00000]
290949,[00000]
181231,[00000]
1008484,[00000]
394849,[00000]
992312,[00000]
91524,[00000]
294394,[00000]
125618,[00000]
968082,[00000]
40996,[00000]
447350,[00000]
383215,[00000]
1321882,[00000]
158117,[00000]
637490,[00000]
761164,[00000]
240545,[00000]
628051,[00000]
591873,[00000]
383542,[00000]
1055688,[00000]
33110,[00000]
1343998,[00000]
1009335,[00000]
1009455,[00000]
342359,[00000]
849490,[00000]
266012,[00000]
762402,[00000]
1337292,[00000]
966384,[00000]
145987,[00000]
281065,[00000]
754815,[00000]
755159,[00000]
147785,[00000]
808753,[00000]
1031822,[00000]
502280,[00000]
1135194,[00000]
1322342,[00000]
863861,[00000]
1063072,[00000]
785357,[00000]
1057013,[00000]
80100,[00000]
843338,[00000]
445098,[00000]
124471,[00000]
1285333,[00000]
1243904,[00000]
825034,[00000]
328126,[00000]
1355399,[00000]
679661,[00000]
1085846,[00000]
964337,[00000]
157308,[00000]
754793,[00000]
509329,[00000]
896392,[00000]
984921,[00000]
328511,[00000]
1226976,[00000]
742841,[00000]
882383,[00000]
581244,[00000]
1078944,[00000]
200743,[00000]
802852,[00000]
641038,[00000]
249646,[00000]
1252055,[00000]
408941,[00000]
1104016,[00000]
410332,[00000]
97259,[00000]
452386,[00000]
256771,[00000]
369199,[00000]
210123,[00000]
828800,[00000]
133570,[00000]
1102938,[00000]
249278,[00000]
235270,[00000]
354357,[00000]
264095,[00000]
365874,[00000]
1298225,[00000]
1049907,[00000]
251944,[00000]
277522,[00000]
223375,[00000]
245745,[00000]
296952,[00000]
126704,[00000]
529878,[00000]
479674,[00000]
1112466,[00000]
13845,[00000]
994517,[00000]
1106775,[00000]
216405,[00000]
358768,[00000]
1255280,[00000]
923334,[00000]
626555,[00000]
1341043,[00000]
1162647,[00000]
894030,[00000]
583758,[00000]
763004,[00000]
853525,[00000]
1250412,[00000]
476814,[00000]
209707,[00000]
593157,[00000]
102638,[00000]
55912,[00000]
860362,[00000]
844929,[00000]
281733,[00000]
385551,[00000]
767803,[00000]
1218077,[00000]
268277,[00000]
689076,[00000]
905968,[00000]
1076815,[00000]
391622,[00000]
304735,[00000]
1063932,[00000]
256285,[00000]
460635,[00000]
469674,[00000]
216026,[00000]
480679,[00000]
940754,[00000]
65321,[00000]
1040897,[00000]
949162,[00000]
107139,[00000]
1018067,[00000]
781694,[00000]
450075,[00000]
1355470,[00000]
959837,[00000]
793119,[00000]
518038,[00000]
400710,[00000]
1144736,[00000]
678514,[00000]
1302926,[00000]
239745,[00000]
1102285,[00000]
458493,[00000]
628621,[00000]
1166174,[00000]
1054508,[00000]
1351822,[00000]
1180917,[00000]
661146,[00000]
1279340,[00000]
54362,[00000]
431634,[00000]
1271524,[00000]
546540,[00000]
757087,[00000]
313176,[00000]
674574,[00000]
929424,[00000]
358629,[00000]
1040479,[00000]
1315885,[00000]
260792,[00000]
516364,[00000]
293654,[00000]
768452,[00000]
366423,[00000]
949586,[00000]
1078982,[00000]
814815,[00000]
25289,[00000]
577120,[00000]
53699,[00000]
1148588,[00000]
743005,[00000]
530495,[00000]
496441,[00000]
1233543,[00000]
1265723,[00000]
546984,[00000]
117245,[00000]
355746,[00000]
383496,[00000]
1001538,[00000]
647,[00000]
577177,[00000]
743237,[00000]
546355,[00000]
628741,[00000]
181627,[00000]
952783,[00000]
796365,[00000]
988184,[00000]
732861,[00000]
1179310,[00000]
342431,[00000]
30355,[00000]
477898,[00000]
17992,[00000]
558001,[00000]
159887,[00000]
201138,[00000]
418295,[00000]
204778,[00000]
624885,[00000]
247163,[00000]
1052548,[00000]
909591,[00000]
244457,[00000]
1297361,[00000]
92237,[00000]
907426,[00000]
636101,[00000]
13621,[00000]
641091,[00000]
918848,[00000]
163758,[00000]
809028,[00000]
1240478,[00000]
255917,[00000]
353273,[00000]
208142,[00000]
197753,[00000]
206448,[00000]
1045878,[00000]
71149,[00000]
108641,[00000]
1309672,[00000]
405961,[00000]
428310,[00000]
1167267,[00000]
265269,[00000]
760429,[00000]
253758,[00000]
872449,[00000]
1288636,[00000]
1244925,[00000]
462500,[00000]
1249107,[00000]
1292617,[00000]
1079579,[00000]
734818,[00000]
798065,[00000]
933017,[00000]
91885,[00000]
703866,[00000]
452173,[00000]
763101,[00000]
206867,[00000]
182094,[00000]
1371651,[00000]
425422,[00000]
428079,[00000]
472938,[00000]
843170,[00000]
1155251,[00000]
458777,[00000]
887044,[00000]
14345,[00000]
724380,[00000]
947131,[00000]
480421,[00000]
518014,[00000]
707978,[00000]
221819,[00000]
1270849,[00000]
545420,[00000]
1339547,[00000]
6007,[00000]
267993,[00000]
601576,[00000]
1352883,[00000]
955938,[00000]
841976,[00000]
521141,[00000]
887683,[00000]
657785,[00000]
1222959,[00000]
393296,[00000]
969866,[00000]
301150,[00000]
266169,[00000]
1232141,[00000]
1215219,[00000]
760824,[00000]
107099,[00000]
612343,[00000]
212478,[00000]
177268,[00000]
349772,[00000]
530404,[00000]
1091202,[00000]
375338,[00000]
1183577,[00000]
570165,[00000]
472145,[00000]
365133,[00000]
1045151,[00000]
759997,[00000]
1331973,[00000]
27441,[00000]
152555,[00000]
1352797,[00000]
1142756,[00000]
769765,[00000]
152158,[00000]
960816,[00000]
1340326,[00000]
826125,[00000]
1289422,[00000]
55855,[00000]
434236,[00000]
1280433,[00000]
345678,[00000]
878975,[00000]
1088148,[00000]
633765,[00000]
159083,[00000]
328310,[00000]
565261,[00000]
1057526,[00000]
1255119,[00000]
79390,[00000]
21081,[00000]
281683,[00000]
924088,[00000]
691020,[00000]
930319,[00000]
609663,[00000]
248417,[00000]
1069352,[00000]
1048346,[00000]
560816,[00000]
233802,[00000]
143056,[00000]
401234,[00000]
287935,[00000]
733352,[00000]
915807,[00000]
362605,[00000]
691756,[00000]
824352,[00000]
523357,[00000]
600087,[00000]
995237,[00000]
1166541,[00000]
1136628,[00000]
376680,[00000]
626141,[00000]
1263143,[00000]
1363613,[00000]
1084070,[00000]
96253,[00000]
946190,[00000]
672097,[00000]
288443,[00000]
1296383,[00000]
372742,[00000]
398870,[00000]
569033,[00000]
1026238,[00000]
277693,[00000]
477446,[00000]
901701,[00000]
1323931,[00000]
667750,[00000]
255357,[00000]
117159,[00000]
770116,[00000]
992941,[00000]
818673,[00000]
645285,[00000]
1029946,[00000]
1133760,[00000]
572582,[00000]
613489,[00000]
1125012,[00000]
1141027,[00000]
973221,[00000]
285025,[00000]
556347,[00000]
817743,[00000]
266866,[00000]
509302,[00000]
363075,[00000]
1318229,[00000]
253845,[00000]
964034,[00000]
585170,[00000]
575347,[00000]
1027356,[00000]
41581,[00000]
1280388,[00000]
621520,[00000]
872075,[00000]
1101120,[00000]
841324,[00000]
409756,[00000]
1296024,[00000]
1209491,[00000]
1308188,[00000]
197860,[00000]
379308,[00000]
1021717,[00000]
1039314,[00000]
47527,[00000]
1249912,[00000]
33178,[00000]
859944,[00000]
1013306,[00000]
886281,[00000]
1041499,[00000]
537671,[00000]
38079,[00000]
213103,[00000]
1121936,[00000]
390594,[00000]
991423,[00000]
1071115,[00000]
898839,[00000]
422680,[00000]
887915,[00000]
1330540,[00000]
1352631,[00000]
1323088,[00000]
369786,[00000]
343933,[00000]
947598,[00000]
1366163,[00000]
536239,[00000]
603219,[00000]
1016290,[00000]
928130,[00000]
90111,[00000]
171827,[00000]
950801,[00000]
583492,[00000]
966150,[00000]
99460,[00000]
121844,[00000]
186258,[00000]
550697,[00000]
408102,[00000]
97415,[00000]
1173879,[00000]
172767,[00000]
231119,[00000]
629584,[00000]
63224,[00000]
308331,[00000]
466781,[00000]
1006800,[00000]
1122472,[00000]
91777,[00000]
256627,[00000]
300126,[00000]
944442,[00000]
177296,[00000]
1363110,[00000]
87311,[00000]
677956,[00000]
776741,[00000]
756678,[00000]
574913,[00000]
1307031,[00000]
1124859,[00000]
246792,[00000]
71775,[00000]
824895,[00000]
337417,[00000]
956527,[00000]
1122747,[00000]
826968,[00000]
1128286,[00000]
733689,[00000]
784012,[00000]
730624,[00000]
319671,[00000]
861877,[00000]
1223020,[00000]
519121,[00000]
97185,[00000]
543439,[00000]
1209073,[00000]
1291554,[00000]
425112,[00000]
345339,[00000]
427174,[00000]
1208480,[00000]
941946,[00000]
402936,[00000]
990719,[00000]
174066,[00000]
694704,[00000]
978653,[00000]
1238271,[00000]
942985,[00000]
1114747,[00000]
703950,[00000]
995135,[00000]
815316,[00000]
1354552,[00000]
1124589,[00000]
95169,[00000]
305271,[00000]
221473,[00000]
742714,[00000]
900270,[00000]
291844,[00000]
716918,[00000]
1216752,[00000]
645895,[00000]
262998,[00000]
721016,[00000]
1309173,[00000]
1309772,[00000]
140251,[00000]
297980,[00000]
1087545,[00000]
649648,[00000]
785847,[00000]
840798,[00000]
960980,[00000]
239125,[00000]
478266,[00000]
1042071,[00000]
619948,[00000]
369267,[00000]
702753,[00000]
25186,[00000]
1199220,[00000]
1123841,[00000]
49688,[00000]
1042041,[00000]
49221,[00000]
1338391,[00000]
709531,[00000]
1020157,[00000]
153892,[00000]
1117064,[00000]
1174021,[00000]
741305,[00000]
179595,[00000]
220785,[00000]
1007079,[00000]
1333482,[00000]
665501,[00000]
742279,[00000]
5846,[00000]
1308954,[00000]
1322510,[00000]
455485,[00000]
1299621,[00000]
1298985,[00000]
1056871,[00000]
566217,[00000]
241235,[00000]
1370939,[00000]
576835,[00000]
427259,[00000]
980961,[00000]
679705,[00000]
536872,[00000]
200087,[00000]
55632,[00000]
124781,[00000]
253095,[00000]
610231,[00000]
627267,[00000]
1310361,[00000]
662783,[00000]
754456,[00000]
639947,[00000]
1105995,[00000]
453771,[00000]
487843,[00000]
42298,[00000]
701734,[00000]
976030,[00000]
897026,[00000]
154000,[00000]
1092187,[00000]
211675,[00000]
1062614,[00000]
506255,[00000]
105962,[00000]
836757,[00000]
270968,[00000]
56814,[00000]
208992,[00000]
23085,[00000]
537721,[00000]
1117132,[00000]
1049477,[00000]
166128,[00000]
288830,[00000]
385532,[00000]
1082569,[00000]
473127,[00000]
1214271,[00000]
1317076,[00000]
426078,[00000]
1186960,[00000]
276967,[00000]
566235,[00000]
516956,[00000]
371443,[00000]
1059431,[00000]
272276,[00000]
456383,[00000]
1250914,[00000]
1135909,[00000]
600381,[00000]
810568,[00000]
1306015,[00000]
594153,[00000]
23300,[00000]
675107,[00000]
671209,[00000]
1242007,[00000]
522571,[00000]
44427,[00000]
56563,[00000]
459642,[00000]
1060212,[00000]
672189,[00000]
756375,[00000]
378930,[00000]
24558,[00000]
974059,[00000]
626385,[00000]
165519,[00000]
1183964,[00000]
325682,[00000]
451233,[00000]
1045810,[00000]
806940,[00000]
210870,[00000]
477695,[00000]
414580,[00000]
908751,[00000]
222769,[00000]
275059,[00000]
843001,[00000]
712980,[00000]
1237530,[00000]
251563,[00000]
1121729,[00000]
49222,[00000]
391886,[00000]
722699,[00000]
1015812,[00000]
653322,[00000]
327291,[00000]
381276,[00000]
703544,[00000]
31293,[00000]
417955,[00000]
629328,[00000]
1161118,[00000]
20613,[00000]
125651,[00000]
890466,[00000]
1271846,[00000]
666608,[00000]
1202169,[00000]
298457,[00000]
935853,[00000]
910334,[00000]
646915,[00000]
38430,[00000]
302302,[00000]
766695,[00000]
529226,[00000]
928820,[00000]
164694,[00000]
563731,[00000]
1208342,[00000]
558281,[00000]
363890,[00000]
177272,[00000]
220463,[00000]
1174191,[00000]
656848,[00000]
744983,[00000]
897971,[00000]
1329832,[00000]
164414,[00000]
841477,[00000]
560158,[00000]
1069438,[00000]
677872,[00000]
1318240,[00000]
809620,[00000]
1175628,[00000]
1078651,[00000]
204612,[00000]
615028,[00000]
985518,[00000]
310868,[00000]
1045602,[00000]
598383,[00000]
385390,[00000]
901005,[00000]
680841,[00000]
56200,[00000]
279406,[00000]
536129,[00000]
156298,[00000]
699734,[00000]
307027,[00000]
562371,[00000]
164063,[00000]
982403,[00000]
866154,[00000]
974930,[00000]
580696,[00000]
790727,[00000]
263412,[00000]
999104,[00000]
1078977,[00000]
141788,[00000]
54859,[00000]
166671,[00000]
96138,[00000]
434753,[00000]
1271281,[00000]
365720,[00000]
1158133,[00000]
471325,[00000]
196251,[00000]
610940,[00000]
483058,[00000]
746088,[00000]
102009,[00000]
586643,[00000]
535316,[00000]
217415,[00000]
369601,[00000]
1298013,[00000]
1341032,[00000]
558886,[00000]
1149257,[00000]
1265515,[00000]
726508,[00000]
278354,[00000]
384554,[00000]
1223419,[00000]
1287877,[00000]
440406,[00000]
433274,[00000]
817594,[00000]
722290,[00000]
227580,[00000]
389687,[00000]
551385,[00000]
1036402,[00000]
372089,[00000]
719325,[00000]
322284,[00000]
202246,[00000]
1338232,[00000]
1331144,[00000]
530505,[00000]
507067,[00000]
1013130,[00000]
474580,[00000]
215198,[00000]
137634,[00000]
534520,[00000]
925189,[00000]
318330,[00000]
210344,[00000]
515020,[00000]
601618,[00000]
378201,[00000]
945747,[00000]
1153957,[00000]
760790,[00000]
68009,[00000]
1304984,[00000]
1032280,[00000]
858563,[00000]
1096741,[00000]
1046153,[00000]
199101,[00000]
927429,[00000]
735756,[00000]
237657,[00000]
1159628,[00000]
391047,[00000]
84117,[00000]
210999,[00000]
89005,[00000]
1281182,[00000]
839325,[00000]
719948,[00000]
832217,[00000]
473923,[00000]
98037,[00000]
19319,[00000]
876056,[00000]
218808,[00000]
1260261,[00000]
1011480,[00000]
1049649,[00000]
54153,[00000]
794572,[00000]
608776,[00000]
1310526,[00000]
141085,[00000]
483312,[00000]
114247,[00000]
54466,[00000]
836361,[00000]
661761,[00000]
1119719,[00000]
251897,[00000]
1128615,[00000]
778051,[00000]
225209,[00000]
349521,[00000]
1054521,[00000]
941306,[00000]
1229419,[00000]
1155698,[00000]
773787,[00000]
594705,[00000]
574537,[00000]
677804,[00000]
1227546,[00000]
158336,[00000]
504807,[00000]
329294,[00000]
792534,[00000]
366967,[00000]
181562,[00000]
231756,[00000]
694674,[00000]
1143244,[00000]
1163705,[00000]
565585,[00000]
619812,[00000]
154040,[00000]
1031837,[00000]
544558,[00000]
1154883,[00000]
590357,[00000]
888498,[00000]
1005136,[00000]
666547,[00000]
387124,[00000]
663664,[00000]
857745,[00000]
135083,[00000]
774892,[00000]
235772,[00000]
1062628,[00000]
933627,[00000]
174958,[00000]
1360608,[00000]
139482,[00000]
359075,[00000]
97005,[00000]
199748,[00000]
616596,[00000]
136622,[00000]
1253595,[00000]
63093,[00000]
1027755,[00000]
298362,[00000]
338422,[00000]
503835,[00000]
185185,[00000]
930747,[00000]
986839,[00000]
461587,[00000]
804618,[00000]
1067130,[00000]
157703,[00000]
1211708,[00000]
841882,[00000]
795794,[00000]
776577,[00000]
694500,[00000]
681258,[00000]
1138030,[00000]
265021,[00000]
650331,[00000]
740716,[00000]
774866,[00000]
1099691,[00000]
796830,[00000]
1206978,[00000]
296442,[00000]
71309,[00000]
405197,[00000]
484268,[00000]
508474,[00000]
428820,[00000]
470795,[00000]
179947,[00000]
230028,[00000]
874527,[00000]
879875,[00000]
578257,[00000]
1136592,[00000]
478039,[00000]
160148,[00000]
352665,[00000]
851044,[00000]
352124,[00000]
1198295,[00000]
551444,[00000]
846139,[00000]
1307105,[00000]
1066608,[00000]
1125562,[00000]
421962,[00000]
772808,[00000]
133616,[00000]
187239,[00000]
81404,[00000]
849750,[00000]
87610,[00000]
1299239,[00000]
1070115,[00000]
762574,[00000]
1103646,[00000]
1206215,[00000]
1023877,[00000]
988389,[00000]
1219318,[00000]
690335,[00000]
748540,[00000]
140016,[00000]
1004405,[00000]
1092640,[00000]
541961,[00000]
1293483,[00000]
457223,[00000]
632876,[00000]
96646,[00000]
112650,[00000]
878860,[00000]
46255,[00000]
1093627,[00000]
341616,[00000]
85799,[00000]
768112,[00000]
637069,[00000]
1048855,[00000]
326386,[00000]
1285275,[00000]
1368830,[00000]
571809,[00000]
146049,[00000]
493568,[00000]
600470,[00000]
581700,[00000]
206331,[00000]
841288,[00000]
1222329,[00000]
1184658,[00000]
367540,[00000]
660287,[00000]
707272,[00000]
1202682,[00000]
1119522,[00000]
547480,[00000]
1350023,[00000]
814140,[00000]
231491,[00000]
1368008,[00000]
339882,[00000]
1138717,[00000]
371088,[00000]
212652,[00000]
1291329,[00000]
590898,[00000]
131974,[00000]
1036902,[00000]
402873,[00000]
1251582,[00000]
120927,[00000]
1344047,[00000]
1193233,[00000]
49011,[00000]
1123149,[00000]
796514,[00000]
524071,[00000]
1345615,[00000]
744565,[00000]
1370551,[00000]
392150,[00000]
815935,[00000]
743573,[00000]
130094,[00000]
543002,[00000]
271272,[00000]
687308,[00000]
823130,[00000]
160923,[00000]
426509,[00000]
20468,[00000]
374442,[00000]
464120,[00000]
546107,[00000]
1275026,[00000]
551041,[00000]
407735,[00000]
357232,[00000]
950626,[00000]
46410,[00000]
895372,[00000]
336036,[00000]
372532,[00000]
738491,[00000]
1207707,[00000]
627516,[00000]
516396,[00000]
1037138,[00000]
811769,[00000]
41228,[00000]
514330,[00000]
478337,[00000]
243699,[00000]
753290,[00000]
765332,[00000]
833105,[00000]
128660,[00000]
728290,[00000]
747867,[00000]
303680,[00000]
1178950,[00000]
333804,[00000]
983390,[00000]
58503,[00000]
998273,[00000]
303742,[00000]
375846,[00000]
745371,[00000]
393453,[00000]
872644,[00000]
1303733,[00000]
978027,[00000]
763884,[00000]
633648,[00000]
78147,[00000]
1231661,[00000]
49174,[00000]
220704,[00000]
372266,[00000]
775948,[00000]
25962,[00000]
1337316,[00000]
36795,[00000]
1176585,[00000]
1307538,[00000]
1034319,[00000]
687931,[00000]
863418,[00000]
306611,[00000]
112151,[00000]
37543,[00000]
1003673,[00000]
1258496,[00000]
1097833,[00000]
655577,[00000]
85278,[00000]
721680,[00000]
1363726,[00000]
936192,[00000]
833101,[00000]
143293,[00000]
1102920,[00000]
818515,[00000]
427944,[00000]
497724,[00000]
1334870,[00000]
762697,[00000]
594529,[00000]
863768,[00000]
360044,[00000]
683912,[00000]
596729,[00000]
33225,[00000]
771316,[00000]
24910,[00000]
458810,[00000]
172784,[00000]
516342,[00000]
465516,[00000]
995518,[00000]
100048,[00000]
579750,[00000]
1369369,[00000]
242082,[00000]
840789,[00000]
358804,[00000]
705692,[00000]
604824,[00000]
193259,[00000]
1101812,[00000]
485180,[00000]
803731,[00000]
751293,[00000]
1207718,[00000]
443770,[00000]
1230265,[00000]
394398,[00000]
834627,[00000]
1150582,[00000]
1129246,[00000]
539687,[00000]
169865,[00000]
1124991,[00000]
1012867,[00000]
1203867,[00000]
1073323,[00000]
475299,[00000]
548289,[00000]
722475,[00000]
280218,[00000]
476010,[00000]
1329733,[00000]
203754,[00000]
87060,[00000]
1069291,[00000]
1336295,[00000]
232845,[00000]
893402,[00000]
241034,[00000]
1123263,[00000]
982038,[00000]
586920,[00000]
509741,[00000]
550309,[00000]
1303544,[00000]
1017022,[00000]
424762,[00000]
419130,[00000]
244859,[00000]
457530,[00000]
345397,[00000]
1213092,[00000]
216896,[00000]
410634,[00000]
85911,[00000]
1252316,[00000]
1023692,[00000]
1319969,[00000]
278632,[00000]
674672,[00000]
494154,[00000]
100637,[00000]
94528,[00000]
499454,[00000]
298851,[00000]
977911,[00000]
1317612,[00000]
1235645,[00000]
825785,[00000]
1167721,[00000]
296919,[00000]
640933,[00000]
602217,[00000]
586296,[00000]
664834,[00000]
1297425,[00000]
617968,[00000]
723853,[00000]
132514,[00000]
368508,[00000]
217044,[00000]
490457,[00000]
244782,[00000]
664115,[00000]
191654,[00000]
71310,[00000]
216884,[00000]
977171,[00000]
1236657,[00000]
603743,[00000]
628624,[00000]
972069,[00000]
525536,[00000]
1094012,[00000]
151621,[00000]
1161021,[00000]
92970,[00000]
589350,[00000]
707731,[00000]
769874,[00000]
1076089,[00000]
1082737,[00000]
797048,[00000]
1182003,[00000]
845935,[00000]
480322,[00000]
737956,[00000]
810269,[00000]
789140,[00000]
742388,[00000]
816654,[00000]
1046228,[00000]
1277651,[00000]
578204,[00000]
23060,[00000]
1033054,[00000]
894736,[00000]
1365269,[00000]
188988,[00000]
572300,[00000]
749141,[00000]
108382,[00000]
1191445,[00000]
406,[00000]
751943,[00000]
1043524,[00000]
648916,[00000]
479072,[00000]
407240,[00000]
1082512,[00000]
479416,[00000]
805456,[00000]
206608,[00000]
1356444,[00000]
938067,[00000]
405869,[00000]
978964,[00000]
776422,[00000]
1358079,[00000]
547836,[00000]
1362543,[00000]
588040,[00000]
325936,[00000]
1251342,[00000]
525080,[00000]
128994,[00000]
705510,[00000]
652626,[00000]
1263483,[00000]
813773,[00000]
1287316,[00000]
266636,[00000]
487244,[00000]
419404,[00000]
277919,[00000]
115077,[00000]
635323,[00000]
1316444,[00000]
1297036,[00000]
353260,[00000]
1009561,[00000]
546421,[00000]
181973,[00000]
1206373,[00000]
1108628,[00000]
1045801,[00000]
244676,[00000]
198123,[00000]
599013,[00000]
32872,[00000]
1033369,[00000]
1222762,[00000]
558054,[00000]
896504,[00000]
376523,[00000]
1173896,[00000]
1270029,[00000]
464164,[00000]
93676,[00000]
491736,[00000]
105205,[00000]
1297156,[00000]
1025474,[00000]
580713,[00000]
20946,[00000]
1127656,[00000]
16818,[00000]
133471,[00000]
29035,[00000]
85411,[00000]
430922,[00000]
30099,[00000]
1136333,[00000]
299723,[00000]
176270,[00000]
594967,[00000]
1017147,[00000]
844400,[00000]
351789,[00000]
646764,[00000]
626559,[00000]
155514,[00000]
747345,[00000]
791210,[00000]
554135,[00000]
633387,[00000]
961934,[00000]
338799,[00000]
275593,[00000]
974907,[00000]
92901,[00000]
752454,[00000]
505520,[00000]
480848,[00000]
1305688,[00000]
1202250,[00000]
916864,[00000]
1171549,[00000]
931945,[00000]
640595,[00000]
952254,[00000]
6155,[00000]
437117,[00000]
999848,[00000]
820291,[00000]
685218,[00000]
121147,[00000]
1214876,[00000]
1267001,[00000]
945410,[00000]
997550,[00000]
684276,[00000]
528535,[00000]
675302,[00000]
742878,[00000]
502828,[00000]
295132,[00000]
605222,[00000]
1188845,[00000]
711742,[00000]
44059,[00000]
295915,[00000]
490989,[00000]
174673,[00000]
896645,[00000]
1186884,[00000]
18604,[00000]
1198403,[00000]
921597,[00000]
856675,[00000]
1240016,[00000]
1299060,[00000]
1033959,[00000]
945055,[00000]
270483,[00000]
318747,[00000]
1043313,[00000]
757303,[00000]
431322,[00000]
806686,[00000]
608952,[00000]
196477,[00000]
1034847,[00000]
898329,[00000]
1248487,[00000]
1246828,[00000]
17686,[00000]
382533,[00000]
107582,[00000]
5650,[00000]
756519,[00000]
852183,[00000]
595878,[00000]
954629,[00000]
1279184,[00000]
1145638,[00000]
660524,[00000]
455871,[00000]
940164,[00000]
302091,[00000]
708637,[00000]
984992,[00000]
39363,[00000]
359287,[00000]
927784,[00000]
1270718,[00000]
228412,[00000]
200742,[00000]
1127895,[00000]
735059,[00000]
1276343,[00000]
120994,[00000]
192305,[00000]
563276,[00000]
1304301,[00000]
293920,[00000]
454822,[00000]
978658,[00000]
1112379,[00000]
162092,[00000]
44096,[00000]
1030980,[00000]
402112,[00000]
1158524,[00000]
919929,[00000]
570683,[00000]
1286051,[00000]
694472,[00000]
934622,[00000]
1054355,[00000]
1043176,[00000]
1183163,[00000]
689724,[00000]
817618,[00000]
8243,[00000]
913649,[00000]
773071,[00000]
113299,[00000]
1194498,[00000]
1287001,[00000]
510561,[00000]
683141,[00000]
78216,[00000]
435065,[00000]
440879,[00000]
196300,[00000]
100568,[00000]
610927,[00000]
658497,[00000]
1327625,[00000]
311315,[00000]
454925,[00000]
395727,[00000]
1093950,[00000]
485740,[00000]
327074,[00000]
606322,[00000]
479443,[00000]
948254,[00000]
354986,[00000]
521348,[00000]
987034,[00000]
283965,[00000]
168593,[00000]
947701,[00000]
1339142,[00000]
382971,[00000]
564417,[00000]
68039,[00000]
179645,[00000]
1219637,[00000]
1049158,[00000]
826940,[00000]
1153373,[00000]
259484,[00000]
1142299,[00000]
706553,[00000]
1181294,[00000]
1257573,[00000]
947238,[00000]
365464,[00000]
1256912,[00000]
1063716,[00000]
993745,[00000]
727514,[00000]
383882,[00000]
485380,[00000]
873318,[00000]
1155237,[00000]
661396,[00000]
1145807,[00000]
210044,[00000]
580926,[00000]
5246,[00000]
1356986,[00000]
1083381,[00000]
988999,[00000]
10901,[00000]
244399,[00000]
828433,[00000]
89214,[00000]
682299,[00000]
85423,[00000]
743069,[00000]
302235,[00000]
282578,[00000]
167859,[00000]
391537,[00000]
920401,[00000]
278898,[00000]
545252,[00000]
419580,[00000]
168101,[00000]
1187728,[00000]
1185905,[00000]
824175,[00000]
1062467,[00000]
61567,[00000]
800124,[00000]
1552,[00000]
988378,[00000]
1027257,[00000]
1215139,[00000]
399922,[00000]
1037375,[00000]
83510,[00000]
1092369,[00000]
1298404,[00000]
644778,[00000]
488943,[00000]
400940,[00000]
1119934,[00000]
588490,[00000]
893454,[00000]
870620,[00000]
1146966,[00000]
1140418,[00000]
236985,[00000]
849807,[00000]
786616,[00000]
284377,[00000]
217391,[00000]
6896,[00000]
681104,[00000]
786228,[00000]
206246,[00000]
1044187,[00000]
3535,[00000]
61635,[00000]
1179928,[00000]
1286833,[00000]
1307890,[00000]
1127521,[00000]
262584,[00000]
379163,[00000]
586146,[00000]
264213,[00000]
1370989,[00000]
753461,[00000]
941829,[00000]
732867,[00000]
1347334,[00000]
370824,[00000]
312075,[00000]
413579,[00000]
1274268,[00000]
842357,[00000]
1045980,[00000]
158577,[00000]
919494,[00000]
806623,[00000]
631688,[00000]
622132,[00000]
510263,[00000]
547161,[00000]
253644,[00000]
984786,[00000]
155973,[00000]
1173128,[00000]
960186,[00000]
466362,[00000]
452265,[00000]
461019,[00000]
680458,[00000]
377216,[00000]
1052594,[00000]
861940,[00000]
956646,[00000]
709877,[00000]
633913,[00000]
385526,[00000]
432149,[00000]
1071235,[00000]
795806,[00000]
567818,[00000]
1114982,[00000]
145757,[00000]
854357,[00000]
949210,[00000]
209240,[00000]
1007233,[00000]
1019238,[00000]
1058179,[00000]
823410,[00000]
347466,[00000]
1234039,[00000]
952794,[00000]
51469,[00000]
474495,[00000]
115787,[00000]
421787,[00000]
954738,[00000]
187673,[00000]
141275,[00000]
932226,[00000]
1002718,[00000]
499848,[00000]
721648,[00000]
1345861,[00000]
755932,[00000]
1335972,[00000]
855721,[00000]
862979,[00000]
985079,[00000]
301788,[00000]
19986,[00000]
1277464,[00000]
210074,[00000]
456537,[00000]
241084,[00000]
1030182,[00000]
969266,[00000]
1241659,[00000]
20865,[00000]
1253995,[00000]
418372,[00000]
785494,[00000]
1110586,[00000]
760388,[00000]
281447,[00000]
429496,[00000]
1001872,[00000]
581103,[00000]
387533,[00000]
176847,[00000]
926305,[00000]
291105,[00000]
236558,[00000]
1060749,[00000]
1211671,[00000]
391889,[00000]
1236932,[00000]
195699,[00000]
1131036,[00000]
388286,[00000]
84308,[00000]
634835,[00000]
1309068,[00000]
439309,[00000]
1273550,[00000]
286730,[00000]
47128,[00000]
1046489,[00000]
203370,[00000]
678228,[00000]
285230,[00000]
1322734,[00000]
210475,[00000]
1164916,[00000]
1079882,[00000]
1340836,[00000]
420219,[00000]
928278,[00000]
812671,[00000]
98317,[00000]
790199,[00000]
901699,[00000]
362051,[00000]
479942,[00000]
671250,[00000]
872934,[00000]
922422,[00000]
80707,[00000]
1052834,[00000]
474042,[00000]
14130,[00000]
484226,[00000]
271180,[00000]
291436,[00000]
1003285,[00000]
460245,[00000]
979298,[00000]
980029,[00000]
631241,[00000]
853423,[00000]
684068,[00000]
1082889,[00000]
184601,[00000]
37337,[00000]
1069410,[00000]
1196142,[00000]
131156,[00000]
128684,[00000]
736115,[00000]
271074,[00000]
967086,[00000]
390467,[00000]
558111,[00000]
981558,[00000]
416799,[00000]
345074,[00000]
533182,[00000]
662005,[00000]
473767,[00000]
1180533,[00000]
102629,[00000]
255107,[00000]
816919,[00000]
1144554,[00000]
233004,[00000]
1162095,[00000]
1332080,[00000]
857512,[00000]
773891,[00000]
123982,[00000]
410482,[00000]
1197647,[00000]
478138,[00000]
1249475,[00000]
182529,[00000]
222342,[00000]
632631,[00000]
1092720,[00000]
145253,[00000]
459425,[00000]
230736,[00000]
70756,[00000]
1039931,[00000]
1142520,[00000]
274986,[00000]
1048263,[00000]
797905,[00000]
751085,[00000]
1251671,[00000]
898689,[00000]
782490,[00000]
31371,[00000]
778998,[00000]
1049321,[00000]
272855,[00000]
1042246,[00000]
329861,[00000]
322799,[00000]
465076,[00000]
82157,[00000]
852254,[00000]
1036448,[00000]
32156,[00000]
676154,[00000]
733447,[00000]
1107003,[00000]
400168,[00000]
629953,[00000]
528262,[00000]
496686,[00000]
874660,[00000]
950954,[00000]
586794,[00000]
816705,[00000]
269830,[00000]
1187,[00000]
288735,[00000]
1273312,[00000]
1072519,[00000]
64630,[00000]
264638,[00000]
5974,[00000]
1302059,[00000]
465917,[00000]
1178079,[00000]
451563,[00000]
905742,[00000]
1169043,[00000]
471967,[00000]
959143,[00000]
387176,[00000]
318345,[00000]
1339627,[00000]
173765,[00000]
535265,[00000]
263827,[00000]
482457,[00000]
1358860,[00000]
1058378,[00000]
156976,[00000]
846181,[00000]
1235998,[00000]
1365863,[00000]
568454,[00000]
606226,[00000]
675700,[00000]
1257644,[00000]
1251982,[00000]
864007,[00000]
201908,[00000]
255420,[00000]
669433,[00000]
783020,[00000]
789216,[00000]
909128,[00000]
1035252,[00000]
897608,[00000]
1075912,[00000]
429987,[00000]
565866,[00000]
343240,[00000]
602326,[00000]
1269632,[00000]
378937,[00000]
696831,[00000]
395905,[00000]
123680,[00000]
861006,[00000]
441330,[00000]
297189,[00000]
502902,[00000]
1184922,[00000]
675801,[00000]
612146,[00000]
849624,[00000]
410193,[00000]
411882,[00000]
1168538,[00000]
157247,[00000]
483181,[00000]
209890,[00000]
1257662,[00000]
548406,[00000]
494402,[00000]
516144,[00000]
238023,[00000]
899665,[00000]
1005006,[00000]
989988,[00000]
991070,[00000]
298103,[00000]
196049,[00000]
331026,[00000]
801348,[00000]
545229,[00000]
828479,[00000]
370484,[00000]
554082,[00000]
1195068,[00000]
1275963,[00000]
424966,[00000]
17288,[00000]
469628,[00000]
1054891,[00000]
1074476,[00000]
247066,[00000]
415039,[00000]
593514,[00000]
579869,[00000]
405116,[00000]
139472,[00000]
1199974,[00000]
1311615,[00000]
1176380,[00000]
939173,[00000]
982071,[00000]
267132,[00000]
42291,[00000]
926799,[00000]
152256,[00000]
89786,[00000]
1229132,[00000]
1245257,[00000]
264206,[00000]
143376,[00000]
1088025,[00000]
670986,[00000]
1180366,[00000]
17516,[00000]
1170127,[00000]
1059988,[00000]
967511,[00000]
703253,[00000]
436093,[00000]
1260111,[00000]
764771,[00000]
353352,[00000]
1305532,[00000]
1092382,[00000]
1192377,[00000]
1296461,[00000]
212815,[00000]
11529,[00000]
350563,[00000]
314859,[00000]
728825,[00000]
1331132,[00000]
1318890,[00000]
1237271,[00000]
773487,[00000]
565029,[00000]
795215,[00000]
869675,[00000]
548997,[00000]
219072,[00000]
419082,[00000]
920244,[00000]
279777,[00000]
833401,[00000]
196397,[00000]
512588,[00000]
526878,[00000]
1209756,[00000]
385736,[00000]
165329,[00000]
1302493,[00000]
845267,[00000]
1216910,[00000]
73620,[00000]
340021,[00000]
119429,[00000]
877972,[00000]
1145268,[00000]
241186,[00000]
64450,[00000]
836270,[00000]
195201,[00000]
911684,[00000]
882026,[00000]
1313038,[00000]
757018,[00000]
987625,[00000]
1276383,[00000]
1141247,[00000]
12790,[00000]
1123167,[00000]
1147815,[00000]
1349278,[00000]
736453,[00000]
1091207,[00000]
1020551,[00000]
1003035,[00000]
606717,[00000]
1263393,[00000]
510582,[00000]
708090,[00000]
526311,[00000]
861082,[00000]
233537,[00000]
751174,[00000]
1071234,[00000]
1155770,[00000]
299163,[00000]
616946,[00000]
539860,[00000]
923305,[00000]
128274,[00000]
513845,[00000]
103026,[00000]
999243,[00000]
540451,[00000]
48492,[00000]
1185697,[00000]
1121762,[00000]
421303,[00000]
224805,[00000]
559243,[00000]
447304,[00000]
579199,[00000]
1270864,[00000]
341643,[00000]
1124106,[00000]
436801,[00000]
649127,[00000]
900107,[00000]
664981,[00000]
842059,[00000]
549412,[00000]
276454,[00000]
317776,[00000]
161423,[00000]
546210,[00000]
163582,[00000]
462949,[00000]
386685,[00000]
935426,[00000]
1501,[00000]
620393,[00000]
811874,[00000]
872154,[00000]
639866,[00000]
786456,[00000]
869496,[00000]
964148,[00000]
914633,[00000]
570413,[00000]
319152,[00000]
462869,[00000]
418902,[00000]
831316,[00000]
915692,[00000]
286116,[00000]
100688,[00000]
431450,[00000]
787025,[00000]
316715,[00000]
1219603,[00000]
211232,[00000]
896478,[00000]
1220811,[00000]
1159697,[00000]
512180,[00000]
643869,[00000]
135701,[00000]
385153,[00000]
559660,[00000]
406091,[00000]
1022311,[00000]
26634,[00000]
676142,[00000]
65805,[00000]
1251168,[00000]
544982,[00000]
781917,[00000]
104557,[00000]
211127,[00000]
1067531,[00000]
295913,[00000]
694620,[00000]
159137,[00000]
1295086,[00000]
1163159,[00000]
596812,[00000]
510681,[00000]
1344656,[00000]
714589,[00000]
405496,[00000]
339855,[00000]
1283019,[00000]
784682,[00000]
1254359,[00000]
187371,[00000]
540110,[00000]
536154,[00000]
652907,[00000]
1175759,[00000]
1269367,[00000]
7783,[00000]
282818,[00000]
1218017,[00000]
1215511,[00000]
1044360,[00000]
1309194,[00000]
687076,[00000]
675562,[00000]
166307,[00000]
681795,[00000]
512109,[00000]
920429,[00000]
68800,[00000]
487934,[00000]
947321,[00000]
328884,[00000]
445071,[00000]
947314,[00000]
879287,[00000]
228092,[00000]
984213,[00000]
1327929,[00000]
1196340,[00000]
302044,[00000]
164069,[00000]
227372,[00000]
1322551,[00000]
959246,[00000]
131348,[00000]
333567,[00000]
1133169,[00000]
36023,[00000]
982694,[00000]
1358006,[00000]
1090630,[00000]
200503,[00000]
96923,[00000]
835423,[00000]
433640,[00000]
367991,[00000]
1097124,[00000]
1105335,[00000]
196587,[00000]
212587,[00000]
225010,[00000]
18967,[00000]
761295,[00000]
589144,[00000]
890211,[00000]
1112547,[00000]
135886,[00000]
555714,[00000]
127014,[00000]
111765,[00000]
1205297,[00000]
209962,[00000]
591843,[00000]
1297589,[00000]
927274,[00000]
105822,[00000]
1109031,[00000]
750199,[00000]
391707,[00000]
1311897,[00000]
779360,[00000]
1060247,[00000]
1046457,[00000]
342102,[00000]
734080,[00000]
1287506,[00000]
1209301,[00000]
310323,[00000]
62683,[00000]
123008,[00000]
1014928,[00000]
152142,[00000]
566374,[00000]
994549,[00000]
1346669,[00000]
1182753,[00000]
269639,[00000]
898528,[00000]
444032,[00000]
1296440,[00000]
716756,[00000]
654093,[00000]
798130,[00000]
1304692,[00000]
986777,[00000]
825922,[00000]
391324,[00000]
980750,[00000]
260233,[00000]
1018618,[00000]
1233026,[00000]
40184,[00000]
1024947,[00000]
1008964,[00000]
830883,[00000]
117175,[00000]
1354207,[00000]
1268986,[00000]
499563,[00000]
432360,[00000]
62568,[00000]
470332,[00000]
665341,[00000]
1204612,[00000]
1187673,[00000]
143700,[00000]
567570,[00000]
541479,[00000]
360813,[00000]
1209891,[00000]
407795,[00000]
757905,[00000]
563652,[00000]
141751,[00000]
1063742,[00000]
33213,[00000]
14443,[00000]
432717,[00000]
1156636,[00000]
974619,[00000]
61000,[00000]
1349206,[00000]
1349936,[00000]
541440,[00000]
782119,[00000]
761570,[00000]
861063,[00000]
1101893,[00000]
225904,[00000]
739203,[00000]
1045771,[00000]
543013,[00000]
1023320,[00000]
442021,[00000]
861767,[00000]
431880,[00000]
1252361,[00000]
1289977,[00000]
462432,[00000]
1078508,[00000]
1197023,[00000]
714048,[00000]
560373,[00000]
1005813,[00000]
97601,[00000]
551706,[00000]
116339,[00000]
173028,[00000]
340002,[00000]
735188,[00000]
1203153,[00000]
1330912,[00000]
260157,[00000]
822994,[00000]
809233,[00000]
892293,[00000]
1010657,[00000]
1066997,[00000]
1363843,[00000]
864073,[00000]
119530,[00000]
404359,[00000]
1293582,[00000]
633238,[00000]
858455,[00000]
214455,[00000]
1324581,[00000]
383275,[00000]
753404,[00000]
393959,[00000]
608926,[00000]
793028,[00000]
1352514,[00000]
742365,[00000]
727782,[00000]
582958,[00000]
9630,[00000]
688867,[00000]
502001,[00000]
622482,[00000]
1323295,[00000]
1021726,[00000]
1058159,[00000]
1241710,[00000]
354631,[00000]
1182630,[00000]
1301752,[00000]
756328,[00000]
39131,[00000]
42798,[00000]
696036,[00000]
808312,[00000]
109028,[00000]
244213,[00000]
1245535,[00000]
185637,[00000]
1205324,[00000]
1074471,[00000]
160734,[00000]
1055125,[00000]
490917,[00000]
621222,[00000]
254252,[00000]
963079,[00000]
1288738,[00000]
305351,[00000]
1300651,[00000]
196215,[00000]
225034,[00000]
735562,[00000]
664832,[00000]
477447,[00000]
524272,[00000]
1218454,[00000]
239396,[00000]
1178810,[00000]
679787,[00000]
852351,[00000]
1229134,[00000]
1282729,[00000]
181927,[00000]
765872,[00000]
698725,[00000]
632307,[00000]
1091699,[00000]
1171096,[00000]
983814,[00000]
311403,[00000]
109115,[00000]
197943,[00000]
320488,[00000]
396258,[00000]
403944,[00000]
492077,[00000]
1196793,[00000]
1288944,[00000]
1163074,[00000]
975357,[00000]
1142866,[00000]
671142,[00000]
912457,[00000]
8634,[00000]
953287,[00000]
1020223,[00000]
14811,[00000]
192017,[00000]
931277,[00000]
1097217,[00000]
199610,[00000]
1094934,[00000]
477178,[00000]
489789,[00000]
484594,[00000]
816743,[00000]
644427,[00000]
1003529,[00000]
468691,[00000]
969460,[00000]
203238,[00000]
718074,[00000]
947235,[00000]
395691,[00000]
1107451,[00000]
924369,[00000]
593846,[00000]
787377,[00000]
1015118,[00000]
744537,[00000]
83091,[00000]
723023,[00000]
196246,[00000]
828095,[00000]
429744,[00000]
82557,[00000]
664996,[00000]
916840,[00000]
645999,[00000]
682775,[00000]
1325642,[00000]
1092732,[00000]
909334,[00000]
1120349,[00000]
340041,[00000]
1113115,[00000]
149637,[00000]
545291,[00000]
790842,[00000]
1367069,[00000]
91672,[00000]
201068,[00000]
293769,[00000]
1039272,[00000]
841797,[00000]
1152135,[00000]
487372,[00000]
470128,[00000]
1136581,[00000]
753644,[00000]
541444,[00000]
218484,[00000]
831508,[00000]
164707,[00000]
333051,[00000]
80264,[00000]
1231554,[00000]
617032,[00000]
72072,[00000]
1082820,[00000]
151365,[00000]
501456,[00000]
918800,[00000]
96039,[00000]
653506,[00000]
183370,[00000]
899736,[00000]
373617,[00000]
935919,[00000]
1160871,[00000]
743668,[00000]
1151572,[00000]
1241337,[00000]
405721,[00000]
888651,[00000]
972657,[00000]
1058200,[00000]
236644,[00000]
557919,[00000]
809534,[00000]
209701,[00000]
895392,[00000]
730382,[00000]
421101,[00000]
1216848,[00000]
1032498,[00000]
1364723,[00000]
1086262,[00000]
134364,[00000]
342364,[00000]
571135,[00000]
702824,[00000]
1367418,[00000]
694699,[00000]
658291,[00000]
777955,[00000]
928456,[00000]
524607,[00000]
607032,[00000]
296193,[00000]
1006173,[00000]
650130,[00000]
324552,[00000]
700759,[00000]
273680,[00000]
394649,[00000]
628299,[00000]
180717,[00000]
137854,[00000]
629537,[00000]
334359,[00000]
922032,[00000]
1189019,[00000]
1168225,[00000]
1360554,[00000]
184653,[00000]
513160,[00000]
983459,[00000]
1181368,[00000]
1186342,[00000]
907718,[00000]
943662,[00000]
1140712,[00000]
66722,[00000]
211719,[00000]
122191,[00000]
748642,[00000]
974300,[00000]
710416,[00000]
817875,[00000]
686531,[00000]
604081,[00000]
652209,[00000]
853935,[00000]
1097937,[00000]
173137,[00000]
161886,[00000]
594254,[00000]
24354,[00000]
816248,[00000]
541814,[00000]
853076,[00000]
705903,[00000]
338648,[00000]
593956,[00000]
1303767,[00000]
676890,[00000]
1126269,[00000]
750476,[00000]
124795,[00000]
991410,[00000]
149345,[00000]
1046076,[00000]
1257513,[00000]
36513,[00000]
998988,[00000]
1261347,[00000]
1082639,[00000]
988864,[00000]
428031,[00000]
573078,[00000]
400629,[00000]
1361417,[00000]
613957,[00000]
803220,[00000]
1226440,[00000]
809339,[00000]
612886,[00000]
1105265,[00000]
1101535,[00000]
1071146,[00000]
1358120,[00000]
1040178,[00000]
158863,[00000]
560984,[00000]
526109,[00000]
857264,[00000]
379602,[00000]
1322627,[00000]
294700,[00000]
838753,[00000]
270437,[00000]
41214,[00000]
125015,[00000]
1325447,[00000]
241117,[00000]
510449,[00000]
1354543,[00000]
330803,[00000]
404097,[00000]
181395,[00000]
677332,[00000]
317791,[00000]
82719,[00000]
948029,[00000]
1338156,[00000]
779890,[00000]
589524,[00000]
842263,[00000]
279847,[00000]
863273,[00000]
320685,[00000]
949229,[00000]
862990,[00000]
170758,[00000]
897337,[00000]
1295582,[00000]
116308,[00000]
12049,[00000]
283578,[00000]
159107,[00000]
50020,[00000]
1179760,[00000]
462059,[00000]
565447,[00000]
262471,[00000]
543441,[00000]
46302,[00000]
876735,[00000]
979961,[00000]
849205,[00000]
1257179,[00000]
202720,[00000]
305655,[00000]
349589,[00000]
515083,[00000]
232734,[00000]
102755,[00000]
1022182,[00000]
1352842,[00000]
633670,[00000]
639721,[00000]
1042154,[00000]
609644,[00000]
59016,[00000]
529503,[00000]
449236,[00000]
1084847,[00000]
393160,[00000]
726326,[00000]
279547,[00000]
669649,[00000]
651690,[00000]
23455,[00000]
642452,[00000]
564458,[00000]
408634,[00000]
737486,[00000]
105615,[00000]
1306176,[00000]
585448,[00000]
181748,[00000]
195045,[00000]
779996,[00000]
186996,[00000]
1121268,[00000]
593698,[00000]
753680,[00000]
282425,[00000]
312681,[00000]
1096668,[00000]
605217,[00000]
1137313,[00000]
426867,[00000]
174388,[00000]
1027854,[00000]
930880,[00000]
742782,[00000]
1219802,[00000]
338135,[00000]
1037986,[00000]
435706,[00000]
304663,[00000]
550597,[00000]
455013,[00000]
1088955,[00000]
1226310,[00000]
964277,[00000]
1116603,[00000]
523230,[00000]
1144929,[00000]
601954,[00000]
699465,[00000]
1096481,[00000]
1094326,[00000]
1126177,[00000]
1238180,[00000]
1204642,[00000]
526119,[00000]
1277712,[00000]
693904,[00000]
657597,[00000]
1116144,[00000]
826310,[00000]
63041,[00000]
553569,[00000]
792651,[00000]
201331,[00000]
184416,[00000]
164545,[00000]
941171,[00000]
847316,[00000]
63980,[00000]
879146,[00000]
483940,[00000]
1088302,[00000]
792424,[00000]
1287302,[00000]
1059980,[00000]
1073066,[00000]
400298,[00000]
163431,[00000]
981350,[00000]
117311,[00000]
235180,[00000]
1227448,[00000]
163099,[00000]
925252,[00000]
103643,[00000]
648496,[00000]
958033,[00000]
1016895,[00000]
203845,[00000]
940182,[00000]
86599,[00000]
698417,[00000]
1204142,[00000]
1104571,[00000]
761300,[00000]
458844,[00000]
612781,[00000]
681432,[00000]
1093706,[00000]
1364843,[00000]
22201,[00000]
1300683,[00000]
834217,[00000]
943256,[00000]
401324,[00000]
1268864,[00000]
1290026,[00000]
866352,[00000]
1162154,[00000]
1338098,[00000]
727544,[00000]
246632,[00000]
1217616,[00000]
860953,[00000]
616587,[00000]
1090127,[00000]
5390,[00000]
612502,[00000]
386688,[00000]
833634,[00000]
750079,[00000]
1338218,[00000]
1256173,[00000]
778518,[00000]
217742,[00000]
131580,[00000]
237684,[00000]
720901,[00000]
660532,[00000]
1263556,[00000]
22832,[00000]
1125057,[00000]
1223008,[00000]
447865,[00000]
839785,[00000]
416290,[00000]
1137448,[00000]
226339,[00000]
59034,[00000]
1105136,[00000]
1149313,[00000]
1285026,[00000]
836105,[00000]
731035,[00000]
936235,[00000]
372552,[00000]
1003626,[00000]
1112871,[00000]
666017,[00000]
346364,[00000]
1326304,[00000]
1220413,[00000]
1087925,[00000]
653465,[00000]
320340,[00000]
181796,[00000]
1269170,[00000]
137242,[00000]
655961,[00000]
1138937,[00000]
267933,[00000]
1129555,[00000]
1162833,[00000]
328379,[00000]
1064492,[00000]
528835,[00000]
768562,[00000]
1256668,[00000]
1263420,[00000]
756618,[00000]
822692,[00000]
79270,[00000]
200234,[00000]
457301,[00000]
804927,[00000]
542251,[00000]
265886,[00000]
144253,[00000]
310140,[00000]
125535,[00000]
21433,[00000]
950660,[00000]
873989,[00000]
177927,[00000]
1128607,[00000]
1296134,[00000]
179932,[00000]
500178,[00000]
156087,[00000]
1241995,[00000]
516850,[00000]
723386,[00000]
986022,[00000]
1340574,[00000]
1207546,[00000]
290962,[00000]
1015393,[00000]
746667,[00000]
895342,[00000]
1339117,[00000]
1294249,[00000]
58039,[00000]
1336448,[00000]
1357728,[00000]
873769,[00000]
648392,[00000]
690713,[00000]
643976,[00000]
201910,[00000]
366924,[00000]
439898,[00000]
432224,[00000]
1198210,[00000]
905259,[00000]
886374,[00000]
1097618,[00000]
810891,[00000]
150674,[00000]
167737,[00000]
431689,[00000]
1163750,[00000]
600842,[00000]
1113333,[00000]
946868,[00000]
642069,[00000]
851471,[00000]
221043,[00000]
325486,[00000]
726420,[00000]
1137414,[00000]
339361,[00000]
1349015,[00000]
735655,[00000]
980757,[00000]
837922,[00000]
1074587,[00000]
687818,[00000]
1235607,[00000]
985626,[00000]
309252,[00000]
402274,[00000]
297705,[00000]
933193,[00000]
93170,[00000]
950211,[00000]
107856,[00000]
428583,[00000]
784642,[00000]
984167,[00000]
1142229,[00000]
980587,[00000]
1243939,[00000]
640460,[00000]
590869,[00000]
848910,[00000]
794045,[00000]
488108,[00000]
519534,[00000]
1323680,[00000]
144059,[00000]
1210313,[00000]
941343,[00000]
568210,[00000]
708223,[00000]
132830,[00000]
147359,[00000]
584653,[00000]
681743,[00000]
828287,[00000]
248477,[00000]
1203874,[00000]
765066,[00000]
865561,[00000]
501776,[00000]
622918,[00000]
1068299,[00000]
1285387,[00000]
50783,[00000]
184850,[00000]
51390,[00000]
664249,[00000]
1291974,[00000]
191271,[00000]
524541,[00000]
624635,[00000]
300271,[00000]
1169605,[00000]
1345620,[00000]
480802,[00000]
396364,[00000]
884951,[00000]
500625,[00000]
152672,[00000]
733892,[00000]
757642,[00000]
729498,[00000]
859110,[00000]
825703,[00000]
867322,[00000]
212312,[00000]
313722,[00000]
275169,[00000]
973907,[00000]
1128549,[00000]
1186855,[00000]
776044,[00000]
161246,[00000]
427800,[00000]
318997,[00000]
735051,[00000]
848644,[00000]
903977,[00000]
9277,[00000]
1124755,[00000]
1025749,[00000]
929643,[00000]
1205342,[00000]
61826,[00000]
1063685,[00000]
1348286,[00000]
180298,[00000]
273087,[00000]
318821,[00000]
685256,[00000]
1295831,[00000]
297609,[00000]
1277268,[00000]
817022,[00000]
1258583,[00000]
1186182,[00000]
581337,[00000]
75527,[00000]
947787,[00000]
846375,[00000]
1069351,[00000]
597309,[00000]
612629,[00000]
75601,[00000]
797267,[00000]
68470,[00000]
40824,[00000]
354967,[00000]
1144606,[00000]
75278,[00000]
517849,[00000]
1119118,[00000]
818018,[00000]
374139,[00000]
1148820,[00000]
845494,[00000]
1230043,[00000]
1150399,[00000]
1148937,[00000]
1363570,[00000]
596992,[00000]
1055360,[00000]
1086111,[00000]
420131,[00000]
300993,[00000]
881811,[00000]
1101816,[00000]
651449,[00000]
1338662,[00000]
842283,[00000]
777153,[00000]
810248,[00000]
1348419,[00000]
331343,[00000]
641625,[00000]
680313,[00000]
1331583,[00000]
1139044,[00000]
1194982,[00000]
490427,[00000]
364500,[00000]
202971,[00000]
714039,[00000]
1168774,[00000]
380823,[00000]
785141,[00000]
133862,[00000]
508219,[00000]
527532,[00000]
280250,[00000]
1093312,[00000]
43504,[00000]
1209315,[00000]
907834,[00000]
166605,[00000]
564031,[00000]
559793,[00000]
189321,[00000]
497274,[00000]
1219411,[00000]
919924,[00000]
50562,[00000]
1258286,[00000]
496853,[00000]
421462,[00000]
1235502,[00000]
606222,[00000]
506075,[00000]
1026121,[00000]
860803,[00000]
529375,[00000]
126548,[00000]
18136,[00000]
1247290,[00000]
898368,[00000]
605756,[00000]
667885,[00000]
410262,[00000]
55727,[00000]
1058385,[00000]
433529,[00000]
1129628,[00000]
763371,[00000]
1148812,[00000]
30956,[00000]
837959,[00000]
1360382,[00000]
346490,[00000]
1273155,[00000]
1000404,[00000]
699397,[00000]
216220,[00000]
652777,[00000]
459217,[00000]
252571,[00000]
1251097,[00000]
46667,[00000]
1224054,[00000]
1055802,[00000]
845593,[00000]
856399,[00000]
407306,[00000]
657013,[00000]
1026142,[00000]
434167,[00000]
354665,[00000]
166460,[00000]
404185,[00000]
672037,[00000]
685239,[00000]
241660,[00000]
599542,[00000]
927421,[00000]
1245353,[00000]
291725,[00000]
1033309,[00000]
655315,[00000]
1350282,[00000]
1274599,[00000]
892291,[00000]
886616,[00000]
465306,[00000]
769560,[00000]
271085,[00000]
235240,[00000]
1153575,[00000]
591692,[00000]
1213564,[00000]
632035,[00000]
497382,[00000]
385842,[00000]
182190,[00000]
1196299,[00000]
1081935,[00000]
276611,[00000]
967634,[00000]
997063,[00000]
328662,[00000]
754787,[00000]
155192,[00000]
105949,[00000]
1233203,[00000]
1157610,[00000]
514243,[00000]
1301582,[00000]
626850,[00000]
40328,[00000]
868757,[00000]
688274,[00000]
1312896,[00000]
125401,[00000]
162942,[00000]
514756,[00000]
627133,[00000]
432321,[00000]
545906,[00000]
711422,[00000]
217058,[00000]
1235435,[00000]
1054018,[00000]
198953,[00000]
488156,[00000]
71427,[00000]
998694,[00000]
794160,[00000]
619275,[00000]
586075,[00000]
535647,[00000]
557407,[00000]
33271,[00000]
171713,[00000]
50851,[00000]
434643,[00000]
1233379,[00000]
940288,[00000]
86765,[00000]
1361477,[00000]
1263017,[00000]
795595,[00000]
929105,[00000]
876066,[00000]
313151,[00000]
650774,[00000]
919797,[00000]
592053,[00000]
986393,[00000]
729424,[00000]
1059948,[00000]
591184,[00000]
640273,[00000]
1332710,[00000]
503117,[00000]
341273,[00000]
455165,[00000]
846977,[00000]
984294,[00000]
986466,[00000]
1284565,[00000]
1082496,[00000]
1161989,[00000]
766659,[00000]
565175,[00000]
1050400,[00000]
665652,[00000]
773047,[00000]
992872,[00000]
165024,[00000]
1140852,[00000]
334251,[00000]
423738,[00000]
639578,[00000]
213457,[00000]
375774,[00000]
925570,[00000]
80980,[00000]
995574,[00000]
211932,[00000]
1266470,[00000]
177672,[00000]
264180,[00000]
1088138,[00000]
135195,[00000]
687946,[00000]
725658,[00000]
599539,[00000]
1309313,[00000]
1214956,[00000]
277756,[00000]
956349,[00000]
1240002,[00000]
473786,[00000]
607091,[00000]
749692,[00000]
704198,[00000]
441374,[00000]
210786,[00000]
303341,[00000]
320173,[00000]
357546,[00000]
1269226,[00000]
249122,[00000]
1231881,[00000]
363411,[00000]
687242,[00000]
490640,[00000]
1348107,[00000]
180406,[00000]
672307,[00000]
700797,[00000]
528680,[00000]
898120,[00000]
1066064,[00000]
969136,[00000]
671633,[00000]
506942,[00000]
901626,[00000]
1226296,[00000]
1050783,[00000]
596085,[00000]
781878,[00000]
93915,[00000]
792338,[00000]
1245525,[00000]
835335,[00000]
115635,[00000]
821499,[00000]
124446,[00000]
874061,[00000]
978097,[00000]
871098,[00000]
778776,[00000]
237817,[00000]
402779,[00000]
696595,[00000]
1038281,[00000]
881177,[00000]
761518,[00000]
167277,[00000]
58631,[00000]
233983,[00000]
109227,[00000]
976562,[00000]
232081,[00000]
268072,[00000]
655717,[00000]
959434,[00000]
1124090,[00000]
1260713,[00000]
728269,[00000]
1197951,[00000]
636862,[00000]
455505,[00000]
1154206,[00000]
850063,[00000]
732876,[00000]
231549,[00000]
116080,[00000]
600312,[00000]
69762,[00000]
593722,[00000]
875385,[00000]
526206,[00000]
807309,[00000]
188735,[00000]
1325124,[00000]
1114428,[00000]
943310,[00000]
1093017,[00000]
398282,[00000]
1073415,[00000]
1103682,[00000]
924302,[00000]
822177,[00000]
314604,[00000]
854971,[00000]
39331,[00000]
582993,[00000]
696361,[00000]
657832,[00000]
607914,[00000]
1212836,[00000]
99261,[00000]
984233,[00000]
1048400,[00000]
1065608,[00000]
1304149,[00000]
1047078,[00000]
218155,[00000]
1168050,[00000]
611844,[00000]
633968,[00000]
732408,[00000]
195171,[00000]
230744,[00000]
361452,[00000]
598465,[00000]
693441,[00000]
584865,[00000]
1042734,[00000]
144949,[00000]
748960,[00000]
777271,[00000]
658338,[00000]
64283,[00000]
242634,[00000]
658900,[00000]
495124,[00000]
400836,[00000]
658598,[00000]
1083827,[00000]
1057430,[00000]
340189,[00000]
354109,[00000]
1174311,[00000]
1290230,[00000]
573318,[00000]
1025308,[00000]
812792,[00000]
668436,[00000]
562286,[00000]
741125,[00000]
1119927,[00000]
47025,[00000]
1329253,[00000]
582649,[00000]
457165,[00000]
1229095,[00000]
282714,[00000]
568464,[00000]
1104258,[00000]
442989,[00000]
1347335,[00000]
1106314,[00000]
1287811,[00000]
65879,[00000]
89698,[00000]
1316322,[00000]
1048804,[00000]
445168,[00000]
222668,[00000]
539540,[00000]
49546,[00000]
725874,[00000]
19563,[00000]
186936,[00000]
692458,[00000]
194749,[00000]
1269414,[00000]
323250,[00000]
79655,[00000]
676428,[00000]
166492,[00000]
252329,[00000]
1509,[00000]
759256,[00000]
1165359,[00000]
782343,[00000]
1081838,[00000]
676795,[00000]
806650,[00000]
31308,[00000]
196974,[00000]
171969,[00000]
275854,[00000]
850315,[00000]
473606,[00000]
979491,[00000]
954210,[00000]
1142155,[00000]
1045950,[00000]
1061500,[00000]
81268,[00000]
93710,[00000]
1002039,[00000]
166925,[00000]
995909,[00000]
185477,[00000]
678027,[00000]
672427,[00000]
241248,[00000]
1313903,[00000]
943737,[00000]
488338,[00000]
1239798,[00000]
141905,[00000]
851276,[00000]
211913,[00000]
1202479,[00000]
727028,[00000]
366069,[00000]
353486,[00000]
1310690,[00000]
1363693,[00000]
795729,[00000]
284473,[00000]
678057,[00000]
644807,[00000]
555857,[00000]
429052,[00000]
56016,[00000]
626992,[00000]
480631,[00000]
912560,[00000]
851033,[00000]
730904,[00000]
73895,[00000]
536805,[00000]
1057773,[00000]
1365878,[00000]
555422,[00000]
1049882,[00000]
131310,[00000]
535751,[00000]
172023,[00000]
619692,[00000]
1098872,[00000]
397864,[00000]
1075449,[00000]
629842,[00000]
903625,[00000]
833828,[00000]
108672,[00000]
238916,[00000]
538918,[00000]
996634,[00000]
128531,[00000]
696745,[00000]
931518,[00000]
647457,[00000]
848344,[00000]
220540,[00000]
1028985,[00000]
1245079,[00000]
533297,[00000]
326434,[00000]
1314049,[00000]
115404,[00000]
176698,[00000]
1012451,[00000]
937446,[00000]
183899,[00000]
257207,[00000]
1026812,[00000]
1302857,[00000]
1340651,[00000]
1149714,[00000]
945735,[00000]
1504,[00000]
1190126,[00000]
1106056,[00000]
259346,[00000]
1292319,[00000]
725718,[00000]
558767,[00000]
308100,[00000]
1215295,[00000]
870779,[00000]
319575,[00000]
246167,[00000]
385197,[00000]
871331,[00000]
75846,[00000]
671917,[00000]
94914,[00000]
232146,[00000]
253461,[00000]
1137647,[00000]
900705,[00000]
75836,[00000]
937392,[00000]
597708,[00000]
1160456,[00000]
995872,[00000]
1066877,[00000]
272568,[00000]
727442,[00000]
108884,[00000]
362048,[00000]
545980,[00000]
595603,[00000]
278537,[00000]
358057,[00000]
1057201,[00000]
645762,[00000]
730724,[00000]
297985,[00000]
601090,[00000]
28023,[00000]
84710,[00000]
260375,[00000]
1237962,[00000]
532386,[00000]
767889,[00000]
262343,[00000]
370193,[00000]
498591,[00000]
560563,[00000]
14133,[00000]
1009166,[00000]
1213542,[00000]
287373,[00000]
662291,[00000]
624294,[00000]
949562,[00000]
947940,[00000]
405676,[00000]
1130602,[00000]
940204,[00000]
769736,[00000]
1217608,[00000]
319960,[00000]
1021825,[00000]
803365,[00000]
619524,[00000]
458640,[00000]
97081,[00000]
552162,[00000]
900400,[00000]
656412,[00000]
127654,[00000]
610322,[00000]
879891,[00000]
181000,[00000]
514156,[00000]
1022481,[00000]
171264,[00000]
65455,[00000]
1218141,[00000]
747951,[00000]
12022,[00000]
1098606,[00000]
424878,[00000]
640342,[00000]
304792,[00000]
282618,[00000]
1218828,[00000]
406460,[00000]
90842,[00000]
286122,[00000]
632869,[00000]
811196,[00000]
538068,[00000]
698320,[00000]
1323037,[00000]
535752,[00000]
77372,[00000]
1298935,[00000]
177639,[00000]
772873,[00000]
536724,[00000]
257548,[00000]
169154,[00000]
246989,[00000]
1078781,[00000]
1342585,[00000]
870527,[00000]
889950,[00000]
1207268,[00000]
1181921,[00000]
959931,[00000]
1242392,[00000]
150738,[00000]
1182485,[00000]
404625,[00000]
1315394,[00000]
336918,[00000]
586345,[00000]
497804,[00000]
1002359,[00000]
583291,[00000]
695483,[00000]
239344,[00000]
871287,[00000]
233868,[00000]
746813,[00000]
265591,[00000]
363155,[00000]
1187347,[00000]
906465,[00000]
1145800,[00000]
580008,[00000]
37772,[00000]
972149,[00000]
186268,[00000]
985740,[00000]
242725,[00000]
857021,[00000]
690173,[00000]
1000778,[00000]
368901,[00000]
360707,[00000]
1173401,[00000]
703313,[00000]
1076182,[00000]
910085,[00000]
26679,[00000]
1083290,[00000]
1114393,[00000]
516583,[00000]
795072,[00000]
1218601,[00000]
124448,[00000]
1315160,[00000]
552513,[00000]
1153955,[00000]
1104351,[00000]
304159,[00000]
806179,[00000]
140609,[00000]
513553,[00000]
963629,[00000]
768047,[00000]
613671,[00000]
23991,[00000]
792411,[00000]
974255,[00000]
463411,[00000]
604264,[00000]
356084,[00000]
929666,[00000]
219062,[00000]
1353577,[00000]
174621,[00000]
249550,[00000]
214232,[00000]
560479,[00000]
907811,[00000]
299245,[00000]
600645,[00000]
356081,[00000]
732002,[00000]
1179728,[00000]
503170,[00000]
920928,[00000]
281208,[00000]
415764,[00000]
411693,[00000]
95966,[00000]
1302137,[00000]
446688,[00000]
268842,[00000]
10578,[00000]
413929,[00000]
206605,[00000]
693748,[00000]
68451,[00000]
590165,[00000]
308810,[00000]
411165,[00000]
578306,[00000]
735369,[00000]
1286279,[00000]
840218,[00000]
706522,[00000]
828063,[00000]
432348,[00000]
238524,[00000]
963820,[00000]
945576,[00000]
183521,[00000]
664579,[00000]
35214,[00000]
438169,[00000]
195482,[00000]
828390,[00000]
486680,[00000]
593423,[00000]
871632,[00000]
1225728,[00000]
1017594,[00000]
372755,[00000]
651809,[00000]
1370306,[00000]
122762,[00000]
465010,[00000]
812741,[00000]
972883,[00000]
578277,[00000]
733702,[00000]
936810,[00000]
306786,[00000]
1037125,[00000]
328471,[00000]
345439,[00000]
1212911,[00000]
318991,[00000]
612455,[00000]
438705,[00000]
299102,[00000]
739024,[00000]
1232063,[00000]
507131,[00000]
271523,[00000]
696283,[00000]
194566,[00000]
1001943,[00000]
182459,[00000]
1316534,[00000]
618591,[00000]
1267200,[00000]
392676,[00000]
1116606,[00000]
1170495,[00000]
71388,[00000]
70829,[00000]
913147,[00000]
1268425,[00000]
808653,[00000]
165516,[00000]
194855,[00000]
142099,[00000]
531152,[00000]
635928,[00000]
1109436,[00000]
1044895,[00000]
692551,[00000]
541588,[00000]
546901,[00000]
87573,[00000]
142002,[00000]
793998,[00000]
325903,[00000]
204613,[00000]
223198,[00000]
80655,[00000]
508819,[00000]
1172604,[00000]
1233212,[00000]
663201,[00000]
1202761,[00000]
1155338,[00000]
534500,[00000]
211834,[00000]
1135315,[00000]
728203,[00000]
401509,[00000]
89791,[00000]
1029369,[00000]
823488,[00000]
439567,[00000]
1121903,[00000]
314881,[00000]
1355314,[00000]
1310595,[00000]
914148,[00000]
518703,[00000]
490272,[00000]
932243,[00000]
697813,[00000]
625700,[00000]
886738,[00000]
1323908,[00000]
601781,[00000]
5711,[00000]
266165,[00000]
1216963,[00000]
649060,[00000]
445292,[00000]
237548,[00000]
634922,[00000]
877193,[00000]
1313560,[00000]
817951,[00000]
1260229,[00000]
143113,[00000]
1201128,[00000]
392162,[00000]
469411,[00000]
1070694,[00000]
304477,[00000]
1289236,[00000]
101343,[00000]
931474,[00000]
916418,[00000]
244502,[00000]
778427,[00000]
621142,[00000]
311989,[00000]
745059,[00000]
541754,[00000]
8859,[00000]
885452,[00000]
412351,[00000]
565320,[00000]
544936,[00000]
1090733,[00000]
271670,[00000]
808178,[00000]
1090291,[00000]
392347,[00000]
901913,[00000]
198146,[00000]
685459,[00000]
1195330,[00000]
653967,[00000]
354570,[00000]
14506,[00000]
569348,[00000]
25719,[00000]
535303,[00000]
893579,[00000]
498136,[00000]
1163346,[00000]
286697,[00000]
1309254,[00000]
1178570,[00000]
54035,[00000]
400238,[00000]
430773,[00000]
500070,[00000]
629488,[00000]
746340,[00000]
659145,[00000]
621502,[00000]
799792,[00000]
473676,[00000]
425242,[00000]
1183768,[00000]
344595,[00000]
1210998,[00000]
234282,[00000]
839293,[00000]
1063281,[00000]
1135029,[00000]
1340209,[00000]
1104899,[00000]
1338087,[00000]
644741,[00000]
366154,[00000]
365824,[00000]
542673,[00000]
1193520,[00000]
205021,[00000]
552688,[00000]
562347,[00000]
792419,[00000]
1359126,[00000]
861039,[00000]
368832,[00000]
995190,[00000]
1270453,[00000]
1078506,[00000]
476720,[00000]
560819,[00000]
724427,[00000]
782806,[00000]
723006,[00000]
693086,[00000]
1237399,[00000]
502298,[00000]
1037043,[00000]
642693,[00000]
298896,[00000]
1011504,[00000]
91173,[00000]
1006320,[00000]
40010,[00000]
402760,[00000]
736541,[00000]
1258241,[00000]
1102359,[00000]
391169,[00000]
591830,[00000]
596662,[00000]
378667,[00000]
945879,[00000]
279232,[00000]
605090,[00000]
709510,[00000]
397381,[00000]
994806,[00000]
1288860,[00000]
1251335,[00000]
839809,[00000]
1119306,[00000]
1335741,[00000]
534569,[00000]
1318416,[00000]
662817,[00000]
516164,[00000]
467670,[00000]
504655,[00000]
974446,[00000]
1091276,[00000]
467897,[00000]
573977,[00000]
355319,[00000]
569398,[00000]
402405,[00000]
426024,[00000]
972468,[00000]
305446,[00000]
526575,[00000]
547680,[00000]
641968,[00000]
1267102,[00000]
1091840,[00000]
86681,[00000]
463900,[00000]
1362842,[00000]
955022,[00000]
77459,[00000]
165661,[00000]
164972,[00000]
334287,[00000]
803558,[00000]
51880,[00000]
1339048,[00000]
1223937,[00000]
1297717,[00000]
1278203,[00000]
1312876,[00000]
509206,[00000]
822512,[00000]
216046,[00000]
337507,[00000]
602494,[00000]
719664,[00000]
30553,[00000]
1099503,[00000]
528448,[00000]
994269,[00000]
1286467,[00000]
1275851,[00000]
404335,[00000]
1280137,[00000]
125294,[00000]
330302,[00000]
776949,[00000]
149934,[00000]
179551,[00000]
219320,[00000]
1222796,[00000]
918039,[00000]
98021,[00000]
1264966,[00000]
378238,[00000]
736048,[00000]
1332500,[00000]
1137712,[00000]
293467,[00000]
313643,[00000]
428081,[00000]
1202509,[00000]
172333,[00000]
993047,[00000]
207272,[00000]
562401,[00000]
731629,[00000]
572940,[00000]
51935,[00000]
786630,[00000]
1168512,[00000]
447327,[00000]
1000077,[00000]
299575,[00000]
287125,[00000]
957110,[00000]
630773,[00000]
965138,[00000]
926373,[00000]
1312838,[00000]
35358,[00000]
190949,[00000]
430868,[00000]
707073,[00000]
391283,[00000]
432110,[00000]
102709,[00000]
1341371,[00000]
580956,[00000]
347272,[00000]
38639,[00000]
158123,[00000]
222526,[00000]
519093,[00000]
566621,[00000]
50324,[00000]
335060,[00000]
657727,[00000]
625316,[00000]
104963,[00000]
973667,[00000]
913210,[00000]
589538,[00000]
7825,[00000]
457966,[00000]
929682,[00000]
777323,[00000]
628579,[00000]
1339777,[00000]
882416,[00000]
1135375,[00000]
903065,[00000]
168326,[00000]
615236,[00000]
827856,[00000]
1034564,[00000]
103522,[00000]
305619,[00000]
814583,[00000]
1194230,[00000]
1211878,[00000]
377916,[00000]
350363,[00000]
64325,[00000]
637915,[00000]
675559,[00000]
176558,[00000]
406843,[00000]
853759,[00000]
702925,[00000]
885288,[00000]
579684,[00000]
1135792,[00000]
990310,[00000]
379882,[00000]
97364,[00000]
214142,[00000]
558419,[00000]
829581,[00000]
251916,[00000]
953984,[00000]
1351316,[00000]
516513,[00000]
1348707,[00000]
279737,[00000]
151087,[00000]
1018245,[00000]
372943,[00000]
530540,[00000]
1244787,[00000]
1327071,[00000]
394503,[00000]
1269901,[00000]
190908,[00000]
835356,[00000]
1009426,[00000]
1148833,[00000]
796481,[00000]
37533,[00000]
116949,[00000]
153015,[00000]
286157,[00000]
244381,[00000]
373938,[00000]
704011,[00000]
1315101,[00000]
779567,[00000]
5091,[00000]
333695,[00000]
1047010,[00000]
664174,[00000]
250817,[00000]
1302241,[00000]
235412,[00000]
1296032,[00000]
406246,[00000]
577110,[00000]
878172,[00000]
488265,[00000]
1127916,[00000]
845770,[00000]
1191376,[00000]
238232,[00000]
338209,[00000]
6872,[00000]
260772,[00000]
174353,[00000]
697895,[00000]
55120,[00000]
631977,[00000]
810319,[00000]
127976,[00000]
848347,[00000]
1347214,[00000]
901492,[00000]
927973,[00000]
687419,[00000]
598275,[00000]
16582,[00000]
338814,[00000]
802906,[00000]
1211171,[00000]
489705,[00000]
109393,[00000]
1063410,[00000]
546910,[00000]
738980,[00000]
736694,[00000]
484501,[00000]
405254,[00000]
1320453,[00000]
176561,[00000]
1332962,[00000]
758534,[00000]
135158,[00000]
820253,[00000]
502312,[00000]
742956,[00000]
661525,[00000]
14232,[00000]
661544,[00000]
441328,[00000]
330073,[00000]
517369,[00000]
1365238,[00000]
586739,[00000]
853300,[00000]
1035979,[00000]
670678,[00000]
1123407,[00000]
1214274,[00000]
20175,[00000]
577748,[00000]
871143,[00000]
309600,[00000]
1275345,[00000]
216600,[00000]
1117661,[00000]
1330405,[00000]
663311,[00000]
388477,[00000]
1009843,[00000]
308397,[00000]
456510,[00000]
422699,[00000]
1228614,[00000]
696286,[00000]
617861,[00000]
395434,[00000]
517396,[00000]
536606,[00000]
326539,[00000]
534302,[00000]
724790,[00000]
847937,[00000]
1004942,[00000]
213550,[00000]
321710,[00000]
684940,[00000]
1062000,[00000]
155965,[00000]
508765,[00000]
588113,[00000]
991639,[00000]
1073874,[00000]
177215,[00000]
149457,[00000]
454043,[00000]
132815,[00000]
443129,[00000]
632277,[00000]
799036,[00000]
515392,[00000]
1018137,[00000]
1255593,[00000]
1233890,[00000]
73728,[00000]
53243,[00000]
263890,[00000]
1341139,[00000]
556046,[00000]
525288,[00000]
1359850,[00000]
602596,[00000]
619274,[00000]
1062954,[00000]
915822,[00000]
139662,[00000]
460855,[00000]
1294112,[00000]
497877,[00000]
174887,[00000]
1111229,[00000]
1334223,[00000]
70693,[00000]
401091,[00000]
143711,[00000]
1133128,[00000]
459766,[00000]
1151478,[00000]
1261077,[00000]
700828,[00000]
614721,[00000]
64120,[00000]
733864,[00000]
1296144,[00000]
197140,[00000]
890734,[00000]
192548,[00000]
854436,[00000]
1148185,[00000]
53317,[00000]
479625,[00000]
589635,[00000]
1160631,[00000]
567379,[00000]
445247,[00000]
500915,[00000]
458564,[00000]
964419,[00000]
484177,[00000]
456041,[00000]
1040801,[00000]
1002191,[00000]
362908,[00000]
1100578,[00000]
1361571,[00000]
610830,[00000]
459158,[00000]
215025,[00000]
1184996,[00000]
122284,[00000]
874401,[00000]
667356,[00000]
787350,[00000]
1369904,[00000]
482922,[00000]
188658,[00000]
107692,[00000]
1253176,[00000]
475219,[00000]
102519,[00000]
1122254,[00000]
547042,[00000]
635186,[00000]
16971,[00000]
951165,[00000]
628317,[00000]
892260,[00000]
8481,[00000]
1279832,[00000]
278975,[00000]
1145664,[00000]
579358,[00000]
1117413,[00000]
1305591,[00000]
1071420,[00000]
225247,[00000]
593085,[00000]
431598,[00000]
1192747,[00000]
1011883,[00000]
1019133,[00000]
1326092,[00000]
118215,[00000]
673931,[00000]
1109834,[00000]
1351903,[00000]
914279,[00000]
1078389,[00000]
1171893,[00000]
1025954,[00000]
812819,[00000]
326505,[00000]
1068196,[00000]
749007,[00000]
575558,[00000]
643629,[00000]
963505,[00000]
750229,[00000]
1279529,[00000]
1109772,[00000]
40005,[00000]
1218886,[00000]
1165198,[00000]
698682,[00000]
234725,[00000]
344603,[00000]
835937,[00000]
478489,[00000]
186923,[00000]
167877,[00000]
38510,[00000]
247273,[00000]
94236,[00000]
1080171,[00000]
1079644,[00000]
593847,[00000]
164001,[00000]
5522,[00000]
10313,[00000]
798352,[00000]
65545,[00000]
349775,[00000]
202167,[00000]
995506,[00000]
640657,[00000]
202748,[00000]
7899,[00000]
542846,[00000]
66132,[00000]
455682,[00000]
430993,[00000]
137663,[00000]
794211,[00000]
605382,[00000]
1087981,[00000]
1227940,[00000]
353857,[00000]
1185414,[00000]
356170,[00000]
1149412,[00000]
848603,[00000]
273935,[00000]
131460,[00000]
856122,[00000]
816175,[00000]
176971,[00000]
1017247,[00000]
345796,[00000]
427363,[00000]
456046,[00000]
370973,[00000]
565546,[00000]
1258586,[00000]
729978,[00000]
1204534,[00000]
642745,[00000]
60662,[00000]
1048142,[00000]
1363366,[00000]
1364570,[00000]
441917,[00000]
430655,[00000]
781978,[00000]
5855,[00000]
584308,[00000]
693233,[00000]
340162,[00000]
822232,[00000]
1011724,[00000]
1088644,[00000]
545560,[00000]
1294605,[00000]
313863,[00000]
140285,[00000]
1075274,[00000]
740265,[00000]
1091386,[00000]
945333,[00000]
582251,[00000]
900269,[00000]
719224,[00000]
429785,[00000]
381175,[00000]
546246,[00000]
796259,[00000]
668931,[00000]
236868,[00000]
135870,[00000]
574953,[00000]
51085,[00000]
903750,[00000]
626218,[00000]
219204,[00000]
479440,[00000]
556996,[00000]
714814,[00000]
1312889,[00000]
1091976,[00000]
1255973,[00000]
299731,[00000]
661718,[00000]
466972,[00000]
984547,[00000]
656942,[00000]
770031,[00000]
1351444,[00000]
943166,[00000]
282490,[00000]
1181670,[00000]
630397,[00000]
601996,[00000]
778758,[00000]
678463,[00000]
482397,[00000]
1237549,[00000]
1305916,[00000]
1119334,[00000]
913013,[00000]
1351252,[00000]
279792,[00000]
93576,[00000]
184705,[00000]
545797,[00000]
1095143,[00000]
788292,[00000]
792363,[00000]
825612,[00000]
1055607,[00000]
322644,[00000]
1224275,[00000]
542125,[00000]
206503,[00000]
1306223,[00000]
482528,[00000]
271592,[00000]
215390,[00000]
1260459,[00000]
237181,[00000]
210082,[00000]
187194,[00000]
1311729,[00000]
820413,[00000]
787279,[00000]
1357678,[00000]
1000743,[00000]
554930,[00000]
432062,[00000]
238199,[00000]
142085,[00000]
192938,[00000]
219226,[00000]
149854,[00000]
460217,[00000]
1289469,[00000]
1093183,[00000]
706233,[00000]
464661,[00000]
833678,[00000]
1187523,[00000]
1018839,[00000]
729435,[00000]
954306,[00000]
225521,[00000]
928637,[00000]
845778,[00000]
462411,[00000]
1139226,[00000]
789853,[00000]
1117161,[00000]
109858,[00000]
840163,[00000]
1031986,[00000]
1134579,[00000]
66389,[00000]
374073,[00000]
930672,[00000]
776009,[00000]
827031,[00000]
837131,[00000]
136614,[00000]
462114,[00000]
1160101,[00000]
894362,[00000]
1212804,[00000]
1370400,[00000]
1050578,[00000]
496680,[00000]
795699,[00000]
496863,[00000]
19918,[00000]
850801,[00000]
946309,[00000]
218492,[00000]
722039,[00000]
32152,[00000]
1256935,[00000]
232487,[00000]
841638,[00000]
707883,[00000]
930402,[00000]
767547,[00000]
524600,[00000]
674974,[00000]
206378,[00000]
254092,[00000]
637136,[00000]
492679,[00000]
473296,[00000]
686650,[00000]
1269564,[00000]
1020689,[00000]
189965,[00000]
96446,[00000]
371766,[00000]
1333178,[00000]
41250,[00000]
691179,[00000]
1351598,[00000]
308798,[00000]
505929,[00000]
1307523,[00000]
919191,[00000]
446474,[00000]
331342,[00000]
954924,[00000]
594820,[00000]
309147,[00000]
516646,[00000]
530224,[00000]
421444,[00000]
22424,[00000]
971137,[00000]
333673,[00000]
374615,[00000]
496450,[00000]
1216960,[00000]
1286693,[00000]
1022278,[00000]
132503,[00000]
671469,[00000]
462028,[00000]
400099,[00000]
203715,[00000]
483300,[00000]
719265,[00000]
458819,[00000]
1270639,[00000]
202568,[00000]
682727,[00000]
272794,[00000]
1326589,[00000]
560270,[00000]
150405,[00000]
1039078,[00000]
791646,[00000]
377059,[00000]
1248398,[00000]
935880,[00000]
500428,[00000]
982903,[00000]
866409,[00000]
606475,[00000]
312134,[00000]
455444,[00000]
15505,[00000]
778474,[00000]
1150939,[00000]
882065,[00000]
940267,[00000]
279402,[00000]
482725,[00000]
960733,[00000]
13415,[00000]
121489,[00000]
1131817,[00000]
609519,[00000]
888023,[00000]
1367670,[00000]
761350,[00000]
756307,[00000]
1295267,[00000]
1314679,[00000]
532694,[00000]
900547,[00000]
221000,[00000]
861727,[00000]
206003,[00000]
1242612,[00000]
10426,[00000]
543432,[00000]
981299,[00000]
457996,[00000]
105507,[00000]
349696,[00000]
1205823,[00000]
577949,[00000]
1212757,[00000]
1336705,[00000]
901662,[00000]
375343,[00000]
1148944,[00000]
883736,[00000]
754725,[00000]
1353301,[00000]
1187882,[00000]
167441,[00000]
597351,[00000]
1054775,[00000]
343977,[00000]
721203,[00000]
662293,[00000]
661116,[00000]
340309,[00000]
1296143,[00000]
1285740,[00000]
816703,[00000]
641078,[00000]
461218,[00000]
1056369,[00000]
873640,[00000]
210542,[00000]
278547,[00000]
1167778,[00000]
568844,[00000]
733400,[00000]
910810,[00000]
1156075,[00000]
467652,[00000]
570363,[00000]
32301,[00000]
179904,[00000]
629478,[00000]
498786,[00000]
1320027,[00000]
711368,[00000]
169234,[00000]
919389,[00000]
626752,[00000]
150471,[00000]
813476,[00000]
212847,[00000]
713634,[00000]
1038121,[00000]
306479,[00000]
140506,[00000]
816499,[00000]
816103,[00000]
788377,[00000]
274673,[00000]
1001018,[00000]
277365,[00000]
693907,[00000]
1191929,[00000]
1019939,[00000]
1076881,[00000]
250097,[00000]
374044,[00000]
654926,[00000]
599703,[00000]
339141,[00000]
1008136,[00000]
45465,[00000]
4131,[00000]
162153,[00000]
660926,[00000]
1041387,[00000]
918351,[00000]
158450,[00000]
602685,[00000]
716929,[00000]
996970,[00000]
1112935,[00000]
970228,[00000]
76766,[00000]
274680,[00000]
842,[00000]
941292,[00000]
718953,[00000]
955410,[00000]
927048,[00000]
1061527,[00000]
9507,[00000]
271349,[00000]
102281,[00000]
656712,[00000]
244033,[00000]
725539,[00000]
785528,[00000]
498512,[00000]
584380,[00000]
229501,[00000]
970489,[00000]
1117166,[00000]
256038,[00000]
1352166,[00000]
908713,[00000]
358822,[00000]
1129562,[00000]
1105321,[00000]
363356,[00000]
1126640,[00000]
282778,[00000]
957187,[00000]
836265,[00000]
1320722,[00000]
1348988,[00000]
145736,[00000]
107629,[00000]
63895,[00000]
568622,[00000]
1345119,[00000]
1838,[00000]
845278,[00000]
321135,[00000]
685272,[00000]
960693,[00000]
821465,[00000]
897770,[00000]
376725,[00000]
520735,[00000]
1148370,[00000]
1353610,[00000]
280710,[00000]
306329,[00000]
970281,[00000]
1311579,[00000]
335616,[00000]
321050,[00000]
806280,[00000]
825597,[00000]
724280,[00000]
1901,[00000]
149899,[00000]
168482,[00000]
1294751,[00000]
786353,[00000]
110434,[00000]
27838,[00000]
889585,[00000]
762957,[00000]
572545,[00000]
1194439,[00000]
545075,[00000]
870335,[00000]
820276,[00000]
966428,[00000]
1100823,[00000]
1294416,[00000]
1358283,[00000]
849813,[00000]
501010,[00000]
1278913,[00000]
476209,[00000]
1292082,[00000]
478198,[00000]
310733,[00000]
47665,[00000]
1216818,[00000]
1503,[00000]
654367,[00000]
567148,[00000]
1044597,[00000]
135632,[00000]
894970,[00000]
861810,[00000]
1145977,[00000]
730013,[00000]
857823,[00000]
346308,[00000]
1273264,[00000]
85104,[00000]
599888,[00000]
514851,[00000]
713101,[00000]
625388,[00000]
592860,[00000]
935653,[00000]
1051170,[00000]
1260107,[00000]
772177,[00000]
617830,[00000]
1119609,[00000]
525400,[00000]
835582,[00000]
709571,[00000]
896175,[00000]
601268,[00000]
722733,[00000]
943762,[00000]
375542,[00000]
670255,[00000]
177539,[00000]
1228043,[00000]
7409,[00000]
608946,[00000]
1121128,[00000]
604717,[00000]
344211,[00000]
77999,[00000]
250593,[00000]
1113511,[00000]
1349985,[00000]
1268305,[00000]
765372,[00000]
860410,[00000]
508311,[00000]
24464,[00000]
103858,[00000]
633033,[00000]
383781,[00000]
169232,[00000]
157720,[00000]
1316219,[00000]
1166499,[00000]
985865,[00000]
1162093,[00000]